cv_id,vacancy_id,ideal_score,split_score,mono_score,split_abs_dev,mono_abs_dev,ideal_verdict,split_verdict,mono_verdict,split_miss_jac,mono_miss_jac
yan_pm,f942bb39-7ba8-4b1e-ba34-8211b7f37205,0.575,0.575,0.5025,0.0,0.0725,Partial,Partial,Partial,0.0833,0.0
yan_pm,9a897ce1-5611-457b-8528-44b176fd3cab,0.6083,0.5514,0.24,0.0569,0.3683,Partial,Partial,Mismatch,0.1053,0.0769
yan_pm,9e813597-60d6-4aa0-aba1-ed85d9a0f957,0.62,0.5413,0.405,0.0787,0.215,Partial,Partial,Weak,0.1053,0.0
yan_pm,16899fdd-9080-444d-b6f1-0f84a096a608,0.65,0.65,0.405,0.0,0.245,Partial,Partial,Weak,0.1111,0.0
yan_pm,e5eb8f2f-3507-4ada-9f8a-3a34f4d4afa8,0.65,0.65,0.5025,0.0,0.1475,Partial,Partial,Partial,0.1053,0.0556
yan_pm,f0b686ec-6f37-42c7-9f30-954845668593,0.6157,0.5514,0.495,0.0643,0.1207,Partial,Partial,Weak,0.2,0.0
yan_pm,c3b4a29b-0ab4-4d8c-b117-6294d2dc7241,0.53,0.5373,0.22,0.0073,0.31,Partial,Partial,Mismatch,0.0682,0.0
yan_pm,0806777a-efc2-420b-9295-44b1de798eb9,0.4631,0.5381,0.22,0.075,0.2431,Weak,Partial,Mismatch,0.0769,0.0
yan_pm,00d0ccdb-07a0-49a3-a691-efa93961fa2c,0.25,0.55,0.3075,0.3,0.0575,Mismatch,Partial,Weak,0.2632,0.1667
yan_pm,6148a8b1-eb6b-4744-9c14-45672c0654ee,0.5367,0.5467,0.34,0.01,0.1967,Partial,Partial,Weak,0.0909,0.0476
yan_pm,99e2c825-164a-4a60-9100-b16472b835e5,0.53,0.53,0.3,0.0,0.23,Partial,Partial,Weak,0.5385,0.0
yan_pm,281c16e7-f1cf-497a-af62-cd4222f2466c,0.59,0.53,0.24,0.06,0.35,Partial,Partial,Mismatch,0.0714,0.0
yan_pm,935c9d55-90ee-4e4c-9c70-e429bb4d3890,0.605,0.5825,0.33,0.0225,0.275,Partial,Partial,Weak,0.5263,0.3333
yan_pm,9e33aa4f-afc6-4c49-89e8-e4baeab80332,0.575,0.65,0.5025,0.075,0.0725,Partial,Partial,Partial,0.3333,0.3333
yan_pm,e2f70a9d-aa26-4c66-a12f-53f0960d17f9,0.5729,0.5709,0.225,0.0019,0.3479,Partial,Partial,Mismatch,0.1905,0.0
yan_pm,1f3b8b6e-c937-4511-8f1f-30c4df4f4fec,0.5,0.55,0.3075,0.05,0.1925,Weak,Partial,Weak,0.0385,0.0714
yan_pm,a7d2295c-6344-421c-a07b-0e2d8ffb3877,0.44,0.5467,0.33,0.1067,0.11,Weak,Partial,Weak,0.0476,0.0
yan_pm,7efc4977-6826-4062-a7c1-7eb13c489a0f,0.4973,0.55,0.22,0.0527,0.2773,Weak,Partial,Mismatch,0.2,0.0714
yan_pm,34dbdcad-a90b-4d99-b483-20700560429c,0.555,0.5403,0.24,0.0147,0.315,Partial,Partial,Mismatch,0.2188,0.0
yan_pm,e7009e48-85a2-4062-9edb-2e6a02878203,0.47,0.53,0.225,0.06,0.245,Weak,Partial,Mismatch,0.1,0.0
yan_pm,2ca61d84-5691-41a7-a4e8-b2601e8f3458,0.52,0.47,0.495,0.05,0.025,Partial,Weak,Weak,0.0909,0.0
yan_pm,4d925c65-1549-445e-887c-cfb20ea016c0,0.53,0.6907,0.49,0.1607,0.04,Partial,Partial,Weak,0.2222,0.0
yan_pm,2bb764c0-e55e-4503-8362-2f8db87893e2,0.52,0.565,0.135,0.045,0.385,Partial,Partial,Mismatch,0.3333,0.2857
yan_pm,42e4f9fa-92a9-4737-a60e-53217f66e5e6,0.53,0.53,0.225,0.0,0.305,Partial,Partial,Mismatch,0.0625,0.0
yan_pm,3c68ea65-1b7e-463b-ad7b-47c71597d77d,0.5325,0.5205,0.3075,0.012,0.225,Partial,Partial,Weak,0.2222,0.0714
yan_pm,17706215-f00e-48f6-852d-588f3b210bed,0.35,0.3517,0.2025,0.0017,0.1475,Weak,Weak,Mismatch,0.1538,0.1053
yan_pm,a16032ca-09f1-46c3-9343-980ff9f76911,0.47,0.47,0.225,0.0,0.245,Weak,Weak,Mismatch,0.0526,0.125
yan_pm,ea48f066-6a13-443f-b34c-263c386fd837,0.395,0.2926,0.22,0.1024,0.175,Weak,Weak,Mismatch,0.0952,0.0909
yan_pm,68d01dc6-4a27-492f-b4a9-ee35fd647be4,0.5075,0.5075,0.225,0.0,0.2825,Partial,Partial,Mismatch,0.125,0.1111
yan_pm,03019334-1f10-4736-a42a-009422d3ff61,0.5033,0.4843,0.22,0.019,0.2833,Partial,Weak,Mismatch,0.2174,0.2667
4_senior_product_manager,60349f54-8bc7-4a4f-bd20-185d8267483e,0.605,0.605,0.495,0.0,0.11,Partial,Partial,Weak,0.04,0.1429
4_senior_product_manager,1e9c93ce-886a-4f5d-902d-7058ada55541,0.665,0.6383,0.63,0.0267,0.035,Partial,Partial,Partial,0.0667,0.0
4_senior_product_manager,935c9d55-90ee-4e4c-9c70-e429bb4d3890,0.6764,0.6725,0.705,0.0039,0.0286,Partial,Partial,Partial,0.5294,0.3077
4_senior_product_manager,eed0122a-4452-438f-bf05-a25257066b12,0.605,0.925,0.505,0.32,0.1,Partial,Strong,Partial,0.0,0.0
4_senior_product_manager,b241fdec-2364-4385-9461-a14c9d278979,0.655,0.655,0.6,0.0,0.055,Partial,Partial,Partial,0.0909,0.0
4_senior_product_manager,281c16e7-f1cf-497a-af62-cd4222f2466c,0.605,0.605,0.705,0.0,0.1,Partial,Partial,Partial,0.0667,0.0
4_senior_product_manager,97a559d9-5f2b-4e4c-a4ee-9c937cfa7639,0.655,0.131,0.58,0.524,0.075,Partial,Mismatch,Partial,0.0323,0.0
4_senior_product_manager,9e813597-60d6-4aa0-aba1-ed85d9a0f957,0.695,0.6162,0.495,0.0787,0.2,Partial,Partial,Weak,0.1053,0.0
4_senior_product_manager,00d0ccdb-07a0-49a3-a691-efa93961fa2c,0.3025,0.605,0.63,0.3025,0.3275,Weak,Partial,Partial,0.25,0.0
4_senior_product_manager,646f93ed-8a4a-4498-9e5e-100b979a2153,0.65,0.6481,0.7,0.0019,0.05,Partial,Partial,Partial,0.0,0.0
4_senior_product_manager,109db1b9-8020-4ac5-9bab-2255b3eb371c,0.655,0.655,0.5075,0.0,0.1475,Partial,Partial,Partial,0.1176,0.0
4_senior_product_manager,a80fa449-881d-418a-9fbf-647eb9458e41,0.6625,0.6823,0.74,0.0198,0.0775,Partial,Partial,Partial,0.3043,0.0
4_senior_product_manager,9a897ce1-5611-457b-8528-44b176fd3cab,0.7,0.6807,0.75,0.0193,0.05,Partial,Partial,Strong,0.1282,0.0
4_senior_product_manager,a7d2295c-6344-421c-a07b-0e2d8ffb3877,0.65,0.605,0.49,0.045,0.16,Partial,Partial,Weak,0.0455,0.0
4_senior_product_manager,99e2c825-164a-4a60-9100-b16472b835e5,0.655,0.655,0.54,0.0,0.115,Partial,Partial,Partial,0.5385,0.0
4_senior_product_manager,e2f70a9d-aa26-4c66-a12f-53f0960d17f9,0.655,0.655,0.66,0.0,0.005,Partial,Partial,Partial,0.2083,0.0
4_senior_product_manager,2306e535-ce66-4b70-90e5-4d9f053723e1,0.325,0.134,0.66,0.191,0.335,Weak,Mismatch,Partial,0.0556,0.0
4_senior_product_manager,c3b4a29b-0ab4-4d8c-b117-6294d2dc7241,0.605,0.605,0.63,0.0,0.025,Partial,Partial,Partial,0.0667,0.0
4_senior_product_manager,34dbdcad-a90b-4d99-b483-20700560429c,0.655,0.636,0.7025,0.019,0.0475,Partial,Partial,Partial,0.2,0.0769
4_senior_product_manager,b1732718-a3c0-4fe2-9bb6-23fd1e667bfa,0.65,0.13,0.495,0.52,0.155,Partial,Mismatch,Weak,0.3,0.1111
4_senior_product_manager,9e33aa4f-afc6-4c49-89e8-e4baeab80332,0.545,0.545,0.3075,0.0,0.2375,Partial,Partial,Weak,0.3333,0.3333
4_senior_product_manager,4d925c65-1549-445e-887c-cfb20ea016c0,0.655,0.605,0.705,0.05,0.05,Partial,Partial,Partial,0.1818,0.0
4_senior_product_manager,562f9b0d-e33b-49dd-8ce3-3c818efd8fee,0.6075,0.6178,0.705,0.0103,0.0975,Partial,Partial,Partial,0.2381,0.0
4_senior_product_manager,e1e366c2-9d8e-446e-8d41-d8f8414f4d3f,0.545,0.2725,0.405,0.2725,0.14,Partial,Weak,Weak,0.1481,0.0
4_senior_product_manager,f974f87e-cafa-47f7-9678-0ea58afb6b0c,0.6158,0.63,0.405,0.0142,0.2108,Partial,Partial,Weak,0.2667,0.0
4_senior_product_manager,a16032ca-09f1-46c3-9343-980ff9f76911,0.545,0.545,0.495,0.0,0.05,Partial,Partial,Weak,0.0526,0.0
4_senior_product_manager,8177a254-3728-4f81-b23d-59881458e60b,0.605,0.605,0.6075,0.0,0.0025,Partial,Partial,Partial,0.0,0.0
4_senior_product_manager,c89b5447-b5eb-49e6-bff0-147f13b336de,0.595,0.595,0.22,0.0,0.375,Partial,Partial,Mismatch,0.0,0.0
4_senior_product_manager,f0585b3f-ae3d-4b31-8bb8-1bb517c4c6ef,0.2825,0.2853,0.225,0.0028,0.0575,Weak,Weak,Mismatch,0.0526,0.1111
4_senior_product_manager,1349357c-7645-4062-a983-ce07ba203d09,0.535,0.535,0.22,0.0,0.315,Partial,Partial,Mismatch,0.0,0.0
1_senior_backend_engineer,92f8bd8e-b51f-40ac-a0eb-adc24ee757e9,0.8348,0.7818,0.74,0.053,0.0948,Strong,Strong,Partial,0.25,0.0
1_senior_backend_engineer,05b9129a-81f1-4143-bdc0-683523e7ec4e,0.9073,0.8621,0.8,0.0452,0.1073,Strong,Strong,Strong,0.4286,0.0
1_senior_backend_engineer,f8003c2e-49ed-4f88-8f44-0adf5d74127d,0.6875,0.7464,0.74,0.0589,0.0525,Partial,Partial,Partial,0.4667,0.0
1_senior_backend_engineer,210a253b-0be0-4901-a1ce-f5c89ef6f5d4,0.7873,0.7146,0.7,0.0727,0.0873,Strong,Partial,Partial,0.2174,0.1667
1_senior_backend_engineer,8c03a6e9-b372-4802-84be-7d939d6ccb5a,0.645,0.695,0.7,0.05,0.055,Partial,Partial,Partial,0.25,0.1176
1_senior_backend_engineer,1384e97c-56ba-491d-a1e6-5a2f350c0d9d,0.5751,0.2846,0.66,0.2905,0.0849,Partial,Weak,Partial,0.6667,0.04
1_senior_backend_engineer,f12c7a06-9702-45ca-b20c-504afa184bc4,0.725,0.7015,0.74,0.0235,0.015,Partial,Partial,Partial,0.3571,0.3636
1_senior_backend_engineer,c1d841b8-8552-4d42-a314-6b281eea45d6,0.7775,0.7366,0.75,0.0409,0.0275,Strong,Partial,Strong,0.625,0.1667
1_senior_backend_engineer,e092834f-91a9-4d83-b334-fa02167ba004,0.6275,0.6853,0.74,0.0578,0.1125,Partial,Partial,Partial,0.4333,0.1905
1_senior_backend_engineer,f27ad885-ca1a-412c-a18b-89b41a30e34c,0.5825,0.6025,0.105,0.02,0.4775,Partial,Partial,Mismatch,0.3182,0.2857
1_senior_backend_engineer,69a20796-a021-4479-8914-266f86212e21,0.6418,0.6779,0.82,0.036,0.1782,Partial,Partial,Strong,0.5,0.0
1_senior_backend_engineer,e840f997-37f1-42cc-9c3a-190803906352,0.6307,0.73,0.74,0.0993,0.1093,Partial,Partial,Partial,0.4667,0.1667
1_senior_backend_engineer,d5b7073e-bbdb-46b1-a7aa-e012076f6355,0.7732,0.7591,0.63,0.0141,0.1432,Strong,Strong,Partial,0.6154,0.2222
1_senior_backend_engineer,689a5e83-2274-4179-aa69-84a139adab0f,0.8313,0.6564,0.74,0.1749,0.0913,Strong,Partial,Partial,0.125,0.0
1_senior_backend_engineer,fd125a93-ce97-4995-abce-547c10bbdead,0.9309,0.739,0.74,0.1919,0.1909,Strong,Partial,Partial,0.129,0.1667
1_senior_backend_engineer,7f9ceb65-f457-4999-a112-365a1005f191,0.8396,0.8825,0.75,0.0429,0.0896,Strong,Strong,Strong,0.0,0.0
1_senior_backend_engineer,1b8493be-545e-4090-9775-303b0e5d7b55,0.6755,0.685,0.74,0.0095,0.0645,Partial,Partial,Partial,0.35,0.0
1_senior_backend_engineer,514b325d-ce89-4e78-babd-1cf9268b8714,0.9259,0.9275,0.82,0.0016,0.1059,Strong,Strong,Strong,0.0,0.0
1_senior_backend_engineer,ea9cef37-2c7c-4957-a156-2ce0027c569d,0.611,0.698,0.63,0.087,0.019,Partial,Partial,Partial,0.2,0.0
1_senior_backend_engineer,c1fae7c2-ca09-4a3e-92d0-60636378bf39,0.5923,0.64,0.58,0.0477,0.0123,Partial,Partial,Partial,0.6667,0.3333
1_senior_backend_engineer,738bbdbd-27ea-44bf-a5a8-994cf5e24e23,0.625,0.6,0.405,0.025,0.22,Partial,Partial,Weak,0.5,0.0
1_senior_backend_engineer,77ff054b-1d8f-4231-b08d-baed588bd4e0,0.34,0.3166,0.66,0.0234,0.32,Weak,Weak,Partial,0.4545,0.0
1_senior_backend_engineer,da16012a-9276-4ecb-8d71-8d1945d94b6a,0.6075,0.5669,0.495,0.0406,0.1125,Partial,Partial,Weak,0.5833,0.0
1_senior_backend_engineer,ab6d57dc-8a52-45ec-b456-973509d549bc,0.5706,0.56,0.495,0.0106,0.0756,Partial,Partial,Weak,0.7857,0.375
1_senior_backend_engineer,e07fb525-2281-4dca-b4b4-52f34b2f127d,0.6936,0.65,0.66,0.0436,0.0336,Partial,Partial,Partial,0.0,0.0
1_senior_backend_engineer,66a1e453-d23c-4da9-b4db-a6664d90c2b7,0.745,0.745,0.74,0.0,0.005,Partial,Partial,Partial,0.6667,0.0
1_senior_backend_engineer,db1c9d2a-b3d2-40a3-9f0c-965e0e041d7d,0.6892,0.6814,0.63,0.0078,0.0592,Partial,Partial,Partial,0.6667,0.0
1_senior_backend_engineer,5a4127a7-dc4c-43b5-a98b-a5f32212a60b,0.56,0.5533,0.495,0.0067,0.065,Partial,Partial,Weak,0.4545,0.0
1_senior_backend_engineer,ed7d41d9-7339-470b-8a23-ede9ab8a6da9,0.5,0.5,0.22,0.0,0.28,Weak,Weak,Mismatch,0.0303,0.0833
5_junior_backend_engineer,f12c7a06-9702-45ca-b20c-504afa184bc4,0.535,0.5513,0.24,0.0163,0.295,Partial,Partial,Mismatch,0.5263,0.5294
5_junior_backend_engineer,102d5d77-0ccb-4640-be6e-8e2595afe705,0.7386,0.7414,0.63,0.0027,0.1086,Partial,Partial,Partial,0.375,0.0
5_junior_backend_engineer,1d2ebdbd-b61e-4436-b8d3-78affd09c2ca,0.6619,0.6487,0.33,0.0132,0.3319,Partial,Partial,Weak,0.6,0.25
5_junior_backend_engineer,66a1e453-d23c-4da9-b4db-a6664d90c2b7,0.7033,0.7033,0.306,0.0,0.3973,Partial,Partial,Weak,0.6667,0.0
5_junior_backend_engineer,1b8493be-545e-4090-9775-303b0e5d7b55,0.5921,0.624,0.63,0.0319,0.0379,Partial,Partial,Partial,0.2778,0.0
5_junior_backend_engineer,05e537ca-170b-478f-a33d-b477f5f08223,0.585,0.5844,0.22,0.0006,0.365,Partial,Partial,Mismatch,0.5,0.0
5_junior_backend_engineer,689a5e83-2274-4179-aa69-84a139adab0f,0.5886,0.5483,0.495,0.0402,0.0936,Partial,Partial,Weak,0.1667,0.2
5_junior_backend_engineer,59cb605a-3205-4ea6-8730-145723cbf85c,0.7815,0.7481,0.405,0.0334,0.3765,Strong,Partial,Weak,0.4167,0.0
5_junior_backend_engineer,e3d3fe82-0456-44e1-a653-2ade994df53d,0.283,0.2534,0.22,0.0296,0.063,Weak,Weak,Mismatch,0.1562,0.2
5_junior_backend_engineer,27502427-31c4-42e7-95fb-f021aa147ed7,0.65,0.7417,0.495,0.0917,0.155,Partial,Partial,Weak,0.6667,0.3333
5_junior_backend_engineer,c1d841b8-8552-4d42-a314-6b281eea45d6,0.5575,0.5166,0.22,0.0409,0.3375,Partial,Partial,Mismatch,0.625,0.2222
5_junior_backend_engineer,393310d2-1fa3-4cff-95a5-1a4158a8bc68,0.5138,0.5204,0.306,0.0067,0.2078,Partial,Partial,Weak,0.4,0.375
5_junior_backend_engineer,ab6d57dc-8a52-45ec-b456-973509d549bc,0.5342,0.6333,0.405,0.0991,0.1292,Partial,Partial,Weak,0.75,0.2727
5_junior_backend_engineer,210a253b-0be0-4901-a1ce-f5c89ef6f5d4,0.6373,0.6164,0.22,0.0209,0.4173,Partial,Partial,Mismatch,0.2381,0.0667
5_junior_backend_engineer,738bbdbd-27ea-44bf-a5a8-994cf5e24e23,0.7658,0.7825,0.44,0.0167,0.3258,Strong,Strong,Weak,0.1667,0.0
5_junior_backend_engineer,727b163f-8aaf-4926-9ae0-d554f00661ad,0.6608,0.6772,0.405,0.0163,0.2558,Partial,Partial,Weak,0.4444,0.125
5_junior_backend_engineer,05b9129a-81f1-4143-bdc0-683523e7ec4e,0.7395,0.6144,0.336,0.1251,0.4035,Partial,Partial,Weak,0.3333,0.0
5_junior_backend_engineer,ec9c676d-8504-4123-aac0-038fc306fcf7,0.4583,0.58,0.305,0.1217,0.1533,Weak,Partial,Weak,0.5714,0.2857
5_junior_backend_engineer,b06bd250-91c9-48dd-acad-9ef77e4e669e,0.7016,0.6389,0.36,0.0626,0.3416,Partial,Partial,Weak,0.5556,0.3125
5_junior_backend_engineer,b81c5a4d-bc82-440a-a8ba-84129682ca16,0.5033,0.5428,0.2025,0.0395,0.3008,Partial,Partial,Mismatch,0.7,0.5882
5_junior_backend_engineer,87451c8f-0db8-43c8-bac2-52381453653b,0.6425,0.5813,0.306,0.0613,0.3365,Partial,Partial,Weak,0.3,0.0
5_junior_backend_engineer,cdc7757a-a09b-42b9-b1d2-12a69069931f,0.4675,0.2814,0.22,0.1861,0.2475,Weak,Weak,Mismatch,0.7143,0.3333
5_junior_backend_engineer,5a4127a7-dc4c-43b5-a98b-a5f32212a60b,0.65,0.6533,0.49,0.0033,0.16,Partial,Partial,Weak,0.25,0.0
5_junior_backend_engineer,38df2a39-e173-4108-8c5b-52afb1c526b3,0.65,0.604,0.465,0.046,0.185,Partial,Partial,Weak,0.8333,0.0
5_junior_backend_engineer,0c7b3e11-9612-41e1-a47b-91c5c7282d57,0.42,0.3435,0.105,0.0764,0.315,Weak,Weak,Mismatch,0.1071,0.0667
5_junior_backend_engineer,514b325d-ce89-4e78-babd-1cf9268b8714,0.6514,0.6375,0.24,0.0139,0.4114,Partial,Partial,Mismatch,0.6667,0.2857
5_junior_backend_engineer,ea9cef37-2c7c-4957-a156-2ce0027c569d,0.37,0.37,0.22,0.0,0.15,Weak,Weak,Mismatch,0.2,0.3333
5_junior_backend_engineer,e07fb525-2281-4dca-b4b4-52f34b2f127d,0.4789,0.5692,0.225,0.0902,0.2539,Weak,Partial,Mismatch,0.0,0.0
5_junior_backend_engineer,314b593b-f49d-4d84-8c9c-232192f82f03,0.4583,0.4583,0.09,0.0,0.3683,Weak,Weak,Mismatch,0.1111,0.0
5_junior_backend_engineer,ed7d41d9-7339-470b-8a23-ede9ab8a6da9,0.56,0.5103,0,0.0497,0.56,Partial,Partial,Mismatch,0.0,0.0
14_frontend_mid_react,55ebf38b-7158-4f14-8f14-ecd4ebb1d94c,0.905,0.905,0.69,0.0,0.215,Strong,Strong,Partial,1.0,1.0
14_frontend_mid_react,e707382d-90b1-48fe-a362-eb9a9bf25f7d,0.7959,0.4342,0.63,0.3617,0.1659,Strong,Weak,Partial,0.2,0.0
14_frontend_mid_react,93795dd4-bc8b-4f7d-9191-5544c026114f,0.755,0.745,0.75,0.01,0.005,Strong,Partial,Strong,0.1111,0.0
14_frontend_mid_react,bf3c13b6-3f30-416b-997a-2e3eced40e98,0.6875,0.6907,0.74,0.0032,0.0525,Partial,Partial,Partial,0.7143,0.0
14_frontend_mid_react,865772ea-3eee-494e-b36a-3ebc5558f2a3,0.3725,0.3552,0.36,0.0173,0.0125,Weak,Weak,Weak,0.25,0.125
14_frontend_mid_react,88f1b524-c41f-402c-a366-7067dc043159,0.7175,0.6774,0.3,0.0401,0.4175,Partial,Partial,Weak,0.4667,0.3571
14_frontend_mid_react,eb06260a-ef10-40dd-8b76-bb70a1760c2a,0.412,0.8125,0.74,0.4005,0.328,Weak,Strong,Partial,0.2,0.0
14_frontend_mid_react,aa0d4c30-553c-49fd-b07d-785af2e5ac30,0.7382,0.7045,0.74,0.0337,0.0018,Partial,Partial,Partial,0.3636,0.1667
14_frontend_mid_react,44aae2a7-4fda-4323-948f-e51fa99d933b,0.7989,0.7735,0.69,0.0254,0.1089,Strong,Strong,Partial,0.0667,0.0
14_frontend_mid_react,27ade056-b7b9-489b-af77-53fc12dcd5b0,0.7593,0.7181,0.495,0.0412,0.2643,Strong,Partial,Weak,0.9286,0.9231
14_frontend_mid_react,c72d109a-fea5-407a-a9cd-04c0853b7f55,0.3783,0.682,0.705,0.3036,0.3267,Weak,Partial,Partial,0.2083,0.0
14_frontend_mid_react,07f6fc79-c3b3-42cd-813e-45d77480ac8e,0.3358,0.3312,0.24,0.0046,0.0958,Weak,Weak,Mismatch,0.4545,0.3333
14_frontend_mid_react,ad1c1f88-2d3e-4976-856d-5111b7acb3a5,0.3564,0.6742,0.49,0.3178,0.1336,Weak,Partial,Weak,0.375,0.2308
14_frontend_mid_react,4a57e1ab-c2d6-46d5-8c16-94a5936b0dd4,0.9314,0.8875,0.905,0.0439,0.0264,Strong,Strong,Strong,1.0,0.0
14_frontend_mid_react,cbfa3e57-a78e-47c2-90cd-96b783d6d761,0.85,0.8486,0.74,0.0014,0.11,Strong,Strong,Partial,0.2857,0.0
14_frontend_mid_react,4fe970a4-27fe-4bdc-a8c8-2b16a0d95eb1,0.6642,0.6717,0.495,0.0075,0.1692,Partial,Partial,Weak,0.4545,0.3333
14_frontend_mid_react,831d1409-2a93-442e-ac85-e501d73afa61,0.705,0.6786,0.22,0.0264,0.485,Partial,Partial,Mismatch,0.7,0.7778
14_frontend_mid_react,6fc6a633-0a4e-4a1d-966c-9c72fda0de23,0.7633,0.6813,0.5075,0.082,0.2558,Strong,Partial,Partial,0.3333,0.1667
14_frontend_mid_react,8aaa4ecc-d27b-45b0-9b13-50157aa87252,0.6595,0.6479,0.22,0.0117,0.4395,Partial,Partial,Mismatch,0.1739,0.0625
14_frontend_mid_react,ff8aad4f-4fde-42bd-b481-5c835e59c02e,0.725,0.7383,0.58,0.0133,0.145,Partial,Partial,Partial,0.2222,0.0
14_frontend_mid_react,866eacff-bc34-4da4-bc0d-f96e5ab2df68,0.7086,0.6925,0.63,0.0161,0.0786,Partial,Partial,Partial,0.5,0.0
14_frontend_mid_react,f95c3798-6c5c-4d18-a746-af67b51242e4,0.56,0.6307,0.39,0.0707,0.17,Partial,Partial,Weak,0.6667,0.5556
14_frontend_mid_react,bc85925f-e306-40dd-b476-0ad83a210bfb,0.5917,0.5868,0.3375,0.0049,0.2542,Partial,Partial,Weak,0.3529,0.1333
14_frontend_mid_react,22b9feab-e367-4d3d-8765-da2c484052aa,0.6385,0.5857,0.63,0.0527,0.0085,Partial,Partial,Partial,0.5455,0.0
14_frontend_mid_react,fcb6785a-31ea-49b5-b736-dffbeb0040c8,0.6325,0.3225,0.24,0.31,0.3925,Partial,Weak,Mismatch,0.6667,0.4
14_frontend_mid_react,3dc10175-c589-40ac-a2cc-e6b7351b94be,0.595,0.57,0.32,0.025,0.275,Partial,Partial,Weak,0.6154,0.2308
14_frontend_mid_react,a24e9b83-2cbb-4b81-bfb1-5cf1fb104467,0.5231,0.5681,0.22,0.045,0.3031,Partial,Partial,Mismatch,0.8462,0.7857
14_frontend_mid_react,7d309556-2e31-465a-a802-6a405051875d,0.6131,0.5337,0.2,0.0793,0.4131,Partial,Partial,Mismatch,0.35,0.2941
14_frontend_mid_react,f9174250-646e-4845-9610-d8dc4efb954c,0.55,0.5429,0.495,0.0071,0.055,Partial,Partial,Weak,0.0,0.0
14_frontend_mid_react,459739e5-a61c-46ab-b761-282c7ede3e80,0.56,0.56,0.36,0.0,0.2,Partial,Partial,Weak,0.4286,0.3333
17_realformat_swe_fullstack,dd8bd6cd-b830-449f-b69c-41e777551d18,0.645,0.7557,0.705,0.1107,0.06,Partial,Strong,Partial,0.5714,0.0
17_realformat_swe_fullstack,9f3afa0b-f1de-4f3c-bb42-302ad3d54ce2,0.5188,0.605,0.225,0.0862,0.2938,Partial,Partial,Mismatch,0.4,0.125
17_realformat_swe_fullstack,5790bd48-b784-452f-8cf6-fc910af837a4,0.5577,0.6702,0.63,0.1125,0.0723,Partial,Partial,Partial,0.7727,0.2381
17_realformat_swe_fullstack,0f28ff56-d10e-4946-9a98-c269be0e145e,0.5939,0.6102,0.63,0.0163,0.0361,Partial,Partial,Partial,0.5455,0.125
17_realformat_swe_fullstack,b8505fa5-13f0-40b4-8961-b5cd084477dc,0.6029,0.76,0.705,0.1571,0.1021,Partial,Strong,Partial,0.7778,0.1111
17_realformat_swe_fullstack,d8b58559-406c-4c06-8cd6-f7c35a172adc,0.695,0.8133,0.605,0.1183,0.09,Partial,Strong,Partial,0.4444,0.125
17_realformat_swe_fullstack,627e7223-26d4-4daf-ada9-13bd47943ccf,0.5832,0.675,0.63,0.0918,0.0468,Partial,Partial,Partial,0.5909,0.2
17_realformat_swe_fullstack,8069bfd7-f6e8-4c30-aaa0-e7582603ec09,0.2773,0.3325,0.54,0.0552,0.2627,Weak,Weak,Partial,0.6667,0.0909
17_realformat_swe_fullstack,884a9333-9a1d-4537-ba9b-658d99373980,0.6575,0.7192,0.63,0.0617,0.0275,Partial,Partial,Partial,0.3636,0.3
17_realformat_swe_fullstack,fe1da4db-20e6-4c94-8577-067a243a7568,0.56,0.6909,0.63,0.1309,0.07,Partial,Partial,Partial,0.35,0.0667
17_realformat_swe_fullstack,b66e9aad-8110-4d6e-87c9-e05f626b5ee4,0.6736,0.67,0.6075,0.0036,0.0661,Partial,Partial,Partial,0.8889,0.1
17_realformat_swe_fullstack,9f88dd86-c147-4681-9567-4b87fe913b97,0.5525,0.725,0.605,0.1725,0.0525,Partial,Partial,Partial,0.6,0.2
17_realformat_swe_fullstack,9c76720b-6f90-46ce-8a57-001fcca261ba,0.5462,0.69,0.605,0.1438,0.0588,Partial,Partial,Partial,0.5,0.5
17_realformat_swe_fullstack,912d23f3-8459-4b3d-8d46-d7d6e62b322c,0.5923,0.68,0.75,0.0877,0.1577,Partial,Partial,Strong,0.6364,0.0
17_realformat_swe_fullstack,e3d3fe82-0456-44e1-a653-2ade994df53d,0.2831,0.3166,0.32,0.0335,0.0369,Weak,Weak,Weak,0.2821,0.3478
17_realformat_swe_fullstack,6d908d9f-c748-4be8-8c15-50fed8a03135,0.568,0.6341,0.5025,0.0661,0.0655,Partial,Partial,Partial,0.4,0.4545
17_realformat_swe_fullstack,aa515efb-39a4-4fe7-b3a7-b496339c0447,0.645,0.645,0.405,0.0,0.24,Partial,Partial,Weak,0.5833,0.5
17_realformat_swe_fullstack,923463ed-0b3e-4018-9d75-5f7eaec451c5,0.6918,0.7968,0.495,0.105,0.1968,Partial,Strong,Weak,0.6,0.375
17_realformat_swe_fullstack,178cbb0b-0920-4531-987e-bf4d7245e372,0.5629,0.675,0.63,0.1121,0.0671,Partial,Partial,Partial,0.5,0.0
17_realformat_swe_fullstack,2c20d3af-c032-4a9f-ae27-5f6c681381b3,0.5692,0.6336,0.495,0.0643,0.0742,Partial,Partial,Weak,0.381,0.2353
17_realformat_swe_fullstack,24a6f183-0008-4366-be98-dd096a767f23,0.575,0.575,0.6,0.0,0.025,Partial,Partial,Partial,0.8,0.1111
17_realformat_swe_fullstack,62cc4061-6558-40ec-929c-36e4be0fa751,0.5882,0.2895,0.63,0.2988,0.0418,Partial,Weak,Partial,0.625,0.5833
17_realformat_swe_fullstack,bec5ca01-0546-4fe7-99ef-7148c52f1415,0.5857,0.5667,0.405,0.019,0.1807,Partial,Partial,Weak,0.7059,0.3158
17_realformat_swe_fullstack,c2540672-87d0-40ce-8028-248dc4d6c75d,0.67,0.6814,0.705,0.0114,0.035,Partial,Partial,Partial,0.625,0.25
17_realformat_swe_fullstack,c6056a80-614a-47d1-b3fc-1f602ebd71ff,0.5375,0.6075,0.54,0.07,0.0025,Partial,Partial,Partial,0.3846,0.2857
17_realformat_swe_fullstack,d2e4be03-4166-490a-b365-da422328abd7,0.77,0.865,0.82,0.095,0.05,Strong,Strong,Strong,0.0,0.0
17_realformat_swe_fullstack,b855ffc9-c236-4f56-ad08-c338a27bc0c4,0.62,0.2877,0.495,0.3323,0.125,Partial,Weak,Weak,0.4,0.2857
17_realformat_swe_fullstack,0a0cee8b-99db-4426-b2b8-90e0ca868104,0.2731,0.11,0.225,0.1631,0.0481,Weak,Mismatch,Mismatch,0.6154,0.3333
17_realformat_swe_fullstack,b858c350-cfd0-4754-b8de-bcc148277fbc,0.6043,0.5615,0.63,0.0428,0.0257,Partial,Partial,Partial,0.4167,0.2222
17_realformat_swe_fullstack,431ff4b3-05ae-44bd-860f-0b6ccb587cb9,0.6,0.6317,0.63,0.0317,0.03,Partial,Partial,Partial,0.0,0.0
19_mobile_ios_mid,290ea2fc-b808-4943-9496-094392bc595d,0.735,0.7085,0.81,0.0265,0.075,Partial,Partial,Strong,0.619,0.1429
19_mobile_ios_mid,a44313fb-396b-4e17-81ce-7477515de7f9,0.8167,0.8375,0.8,0.0208,0.0167,Strong,Strong,Strong,0.75,0.0
19_mobile_ios_mid,98a268d8-d06c-497a-a0aa-dbb57274dd49,0.7375,0.695,0.605,0.0425,0.1325,Partial,Partial,Partial,0.3333,0.25
19_mobile_ios_mid,2c329996-85c5-4956-b9a7-cac4c46a45ef,0.84,0.8467,0.8,0.0067,0.04,Strong,Strong,Strong,0.5,0.0
19_mobile_ios_mid,495bf8f5-5006-401a-966f-ba29bb0b9990,0.8214,0.725,0.705,0.0964,0.1164,Strong,Partial,Partial,0.5,0.0
19_mobile_ios_mid,cc498796-b031-411c-828e-3c0ea1d06b67,0.8364,0.886,0.82,0.0496,0.0164,Strong,Strong,Strong,0.6667,0.0
19_mobile_ios_mid,6d3456fc-d1d2-419b-aeaf-49e724a932a6,0.7125,0.725,0.63,0.0125,0.0825,Partial,Partial,Partial,0.3333,0.2
19_mobile_ios_mid,0c269701-4e43-4767-a42c-f88a25d8e179,0.6932,0.675,0.705,0.0182,0.0118,Partial,Partial,Partial,0.4545,0.1429
19_mobile_ios_mid,4282937a-c8f7-4849-b638-23a38a6125be,0.8,0.8525,0.74,0.0525,0.06,Strong,Strong,Partial,0.2857,0.0
19_mobile_ios_mid,5ca9ee6c-1e3d-4fd8-8b52-467dccee2021,0.75,0.75,0.8,0.0,0.05,Strong,Strong,Strong,0.3333,0.0
19_mobile_ios_mid,d15c0148-2839-4631-b0fe-c2fdde77ccec,0.6692,0.675,0.63,0.0058,0.0392,Partial,Partial,Partial,0.3571,0.0
19_mobile_ios_mid,78f9e1ef-a9ec-4f57-beab-8cff04a1dbff,0.741,0.7559,0.8,0.0149,0.059,Partial,Strong,Strong,0.75,0.0
19_mobile_ios_mid,d7f6de40-5968-4efa-8234-b2ea5b16d6b2,0.6213,0.615,0.63,0.0063,0.0087,Partial,Partial,Partial,0.2308,0.1176
19_mobile_ios_mid,4265f244-a5ea-43c5-9daa-f9dd73f5089b,0.3825,0.8041,0.705,0.4216,0.3225,Weak,Strong,Partial,0.2222,0.0
19_mobile_ios_mid,7c684e0a-d23e-4299-bbf6-388d55d29704,0.77,0.7475,0.82,0.0225,0.05,Strong,Partial,Strong,0.3636,0.0
19_mobile_ios_mid,7195fa47-467d-4d9f-bdce-dee0b8dde139,0.705,0.925,0.225,0.22,0.48,Partial,Strong,Mismatch,0.0,0.0
19_mobile_ios_mid,9942e73c-0111-4270-9c13-d8c605c3ee52,0.513,0.515,0.225,0.002,0.288,Partial,Partial,Mismatch,0.4167,0.3
19_mobile_ios_mid,8bd19a6e-d5f4-4850-890e-a30b94912130,0.723,0.7036,0.74,0.0194,0.017,Partial,Partial,Partial,0.125,0.1667
19_mobile_ios_mid,a3e47d4e-9648-46a1-9917-2f545b413cd2,0.6307,0.6757,0.75,0.045,0.1193,Partial,Partial,Strong,0.4,0.2
19_mobile_ios_mid,30860e73-5ce6-4455-bde6-6a3799713735,0.25,0.5,0.25,0.25,0.0,Mismatch,Weak,Weak,0.3333,0.0
19_mobile_ios_mid,31bdd04e-436f-4571-9dca-8f2eede293ae,0.4483,0.465,0.33,0.0167,0.1183,Weak,Weak,Weak,0.2,0.1
19_mobile_ios_mid,7f1ece8a-3a25-458f-94c9-6175978daa8e,0.5,0.5,0.2025,0.0,0.2975,Weak,Weak,Mismatch,0.5714,0.2353
19_mobile_ios_mid,2e707afc-5d10-42be-b364-fa2e1f3119b4,0.3525,0.3025,0.425,0.05,0.0725,Weak,Weak,Weak,0.5,0.5
19_mobile_ios_mid,4d5a6aaf-6c65-4642-95ae-280665fbaf0e,0.5379,0.5303,0.225,0.0076,0.3129,Partial,Partial,Mismatch,0.6875,0.3158
19_mobile_ios_mid,6dc7352a-6f08-4b53-8bb4-8e0e7893f342,0.2725,0.5,0.225,0.2275,0.0475,Weak,Weak,Mismatch,0.0909,0.0
19_mobile_ios_mid,776f2b42-8d59-4a57-9631-dd65e54d2ee5,0.6158,0.62,0.6,0.0042,0.0158,Partial,Partial,Partial,0.0,0.0
19_mobile_ios_mid,b2956050-dd0f-4ecd-8433-ba864e60faaa,0.285,0.309,0.225,0.024,0.06,Weak,Weak,Mismatch,0.4118,0.1875
19_mobile_ios_mid,1a176b19-5ba5-4ca2-8e6a-c5238bf74e6c,0.26,0.52,0.15,0.26,0.11,Weak,Partial,Mismatch,0.4688,0.5
19_mobile_ios_mid,22b9feab-e367-4d3d-8765-da2c484052aa,0.5462,0.5429,0.225,0.0033,0.3212,Partial,Partial,Mismatch,0.5333,0.4667
19_mobile_ios_mid,d12c42fa-20a2-4828-895e-916488950dde,0.515,0.5,0.2,0.015,0.315,Partial,Weak,Mismatch,0.1,0.1429
20_mobile_android_senior,f7bdc749-1e34-4587-9435-4735496f0f50,0.75,0.97,0.75,0.22,0.0,Strong,Strong,Strong,0.0,0.0
20_mobile_android_senior,427e84c3-b873-4e3c-9af8-d43f1f45909c,0.695,0.765,0.74,0.07,0.045,Partial,Strong,Partial,0.4,0.0
20_mobile_android_senior,d65761e3-32e6-4e8b-b696-bc54ab640df1,0.1428,0.7531,0.75,0.6103,0.6072,Mismatch,Strong,Strong,0.1667,0.0
20_mobile_android_senior,0fbf3c7e-1326-48c5-8282-e34a064e0dc9,0.755,0.7284,0.82,0.0266,0.065,Strong,Partial,Strong,0.1739,0.0
20_mobile_android_senior,994c5af7-8f40-41b2-9c63-0f64a78322c1,0.7204,0.7355,0.705,0.0151,0.0154,Partial,Partial,Partial,0.3333,0.0
20_mobile_android_senior,d866c45f-6779-43b8-9f16-1738fab05d0a,0.8,0.7459,0.9,0.0541,0.1,Strong,Partial,Strong,0.2222,0.0
20_mobile_android_senior,285e37ac-fb2f-4e2b-b9dc-bb9efcde53a5,0.7804,0.7118,0.74,0.0686,0.0404,Strong,Partial,Partial,0.1667,0.0
20_mobile_android_senior,89bd98dc-7338-4568-8080-eb086b9fc3eb,0.75,0.95,0.75,0.2,0.0,Strong,Strong,Strong,0.0,0.0
20_mobile_android_senior,337599ae-96e8-48ab-88bb-80eddf6df903,0.6575,0.6254,0.405,0.0321,0.2525,Partial,Partial,Weak,0.125,0.1
20_mobile_android_senior,10882f1b-d489-4a8c-a0b6-917b51d8f1b4,0.3525,0.3025,0.2,0.05,0.1525,Weak,Weak,Mismatch,0.0,0.0
20_mobile_android_senior,9e0729ad-6ccd-4948-af56-a325f8fcead0,0.7582,0.728,0.8075,0.0302,0.0493,Strong,Partial,Strong,0.44,0.0
20_mobile_android_senior,b6c105bb-c61d-4876-b19e-917e65947f4b,0.7414,0.7204,0.59,0.021,0.1514,Partial,Partial,Partial,0.1667,0.0
20_mobile_android_senior,ea921836-cb7a-43dd-8f61-574724779c9b,0.75,0.8,0.75,0.05,0.0,Strong,Strong,Strong,0.5,0.0
20_mobile_android_senior,72392282-8ab8-4dc6-bb02-b7c4ade1205f,0.3212,0.3127,0.405,0.0086,0.0838,Weak,Weak,Weak,0.4286,0.625
20_mobile_android_senior,3dce7c15-7613-4deb-b5b8-a234e9a1b8fd,0.705,0.925,0.405,0.22,0.3,Partial,Strong,Weak,0.0,0.0
20_mobile_android_senior,6bcc3a0a-f614-41c3-9e96-fded168f4ed9,0.7925,0.8464,0.905,0.0539,0.1125,Strong,Strong,Strong,0.1,0.0
20_mobile_android_senior,5583da88-e62f-4e2c-adc8-5007ec60956c,0.3475,0.3796,0.25,0.0321,0.0975,Weak,Weak,Mismatch,0.5,0.1
20_mobile_android_senior,0e5df96a-74d3-44e3-98fb-db96653b6942,0.705,0.925,0.405,0.22,0.3,Partial,Strong,Weak,0.0,0.0
20_mobile_android_senior,745aea15-9729-4349-b78e-c2f10631d181,0.665,0.6907,0.82,0.0257,0.155,Partial,Partial,Strong,0.3,0.0
20_mobile_android_senior,4aca1974-cf5d-46c2-b9c6-a70bf5219fe0,0.875,0.875,0.905,0.0,0.03,Strong,Strong,Strong,1.0,0.0
20_mobile_android_senior,30860e73-5ce6-4455-bde6-6a3799713735,0.25,0.44,0.225,0.19,0.025,Mismatch,Weak,Mismatch,0.3333,0.0
20_mobile_android_senior,f0c9a922-3edb-433a-b340-3d0414262c2c,0.611,0.6307,0.74,0.0197,0.129,Partial,Partial,Partial,0.8333,0.0
20_mobile_android_senior,9942e73c-0111-4270-9c13-d8c605c3ee52,0.581,0.575,0.225,0.006,0.356,Partial,Partial,Mismatch,0.4167,0.2222
20_mobile_android_senior,b2956050-dd0f-4ecd-8433-ba864e60faaa,0.295,0.2776,0.225,0.0174,0.07,Weak,Weak,Mismatch,0.4444,0.3333
20_mobile_android_senior,24ad01fe-a2f7-466c-9ff6-e556000b0a99,0.6067,0.5675,0.06,0.0392,0.5467,Partial,Partial,Mismatch,0.3846,0.3333
20_mobile_android_senior,0c26fc6d-5fca-44ff-a9ce-45a2558f48f2,0.3393,0.3475,0.21,0.0082,0.1293,Weak,Weak,Mismatch,0.8333,0.0
20_mobile_android_senior,19210103-9c82-4ac6-86cc-9870639e1a51,0.5633,0.5302,0.22,0.0332,0.3433,Partial,Partial,Mismatch,0.3889,0.25
20_mobile_android_senior,7f1ece8a-3a25-458f-94c9-6175978daa8e,0.545,0.545,0.06,0.0,0.485,Partial,Partial,Mismatch,0.5714,0.2353
20_mobile_android_senior,22b9feab-e367-4d3d-8765-da2c484052aa,0.5462,0.5429,0.105,0.0033,0.4412,Partial,Partial,Mismatch,0.5333,0.5333
20_mobile_android_senior,a3e47d4e-9648-46a1-9917-2f545b413cd2,0.5879,0.6007,0.74,0.0129,0.1521,Partial,Partial,Partial,0.5,0.1667
7_devops_senior,639ee8a5-c207-426c-aa96-63965af9c2e1,0.782,0.7184,0.66,0.0636,0.122,Strong,Partial,Partial,0.2609,0.0741
7_devops_senior,72e62066-7345-4f2a-bfae-734f016550e1,0.835,0.815,0.705,0.02,0.13,Strong,Strong,Partial,0.4286,0.1111
7_devops_senior,6cd2d98d-5897-4c4b-b0b1-f2ce2b2a76ee,0.8867,0.8994,0.82,0.0127,0.0667,Strong,Strong,Strong,0.125,0.0
7_devops_senior,d2a44eb7-6490-4369-9d07-a0099388fc8c,0.3713,0.7309,0.74,0.3596,0.3687,Weak,Partial,Partial,0.5,0.0
7_devops_senior,41c84563-a9f5-4721-a71d-bc41345d02ff,0.845,0.8048,0.74,0.0402,0.105,Strong,Strong,Partial,0.4286,0.0909
7_devops_senior,b97a4400-92c0-45ef-a310-f77229ee28b5,0.8,0.8024,0.74,0.0024,0.06,Strong,Strong,Partial,0.3077,0.0
7_devops_senior,44979ab6-0336-4ff7-8abd-055c929aee2b,0.7959,0.7665,0.74,0.0294,0.0559,Strong,Strong,Partial,0.1111,0.1667
7_devops_senior,db3e51c2-682e-4dc9-be6e-c969365f94fa,0.8429,0.875,0.74,0.0321,0.1029,Strong,Strong,Partial,0.3333,0.0
7_devops_senior,e5858d60-c1be-4359-9191-cad7dc8f2c3a,0.7187,0.7187,0.8075,0.0,0.0888,Partial,Partial,Strong,0.6,0.3077
7_devops_senior,ebda9513-ff6d-4df9-bc93-bc8b5caefdc8,0.7475,0.8,0.81,0.0525,0.0625,Partial,Strong,Strong,0.2,0.0
7_devops_senior,8e84f5c0-cc79-4a7e-84ea-831f1a97c708,0.8218,0.7985,0.75,0.0233,0.0718,Strong,Strong,Strong,0.0714,0.0
7_devops_senior,05b9129a-81f1-4143-bdc0-683523e7ec4e,0.5859,0.5796,0.58,0.0063,0.0059,Partial,Partial,Partial,0.7143,0.0
7_devops_senior,068b6104-9042-404f-a23e-a8399f3c7e90,0.755,0.5967,0.66,0.1583,0.095,Strong,Partial,Partial,0.3125,0.0
7_devops_senior,d4b9add2-b7b3-4d34-8a87-73948f79fbd9,0.3329,0.6507,0.63,0.3178,0.2971,Weak,Partial,Partial,0.7647,0.0
7_devops_senior,a10929c5-ac46-4c90-89c9-8e1712fb7886,0.8107,0.7595,0.6,0.0512,0.2107,Strong,Strong,Partial,0.4118,0.2727
7_devops_senior,f9d92cb8-91e3-4b65-bfbd-2473ab04e884,0.7665,0.7301,0.8025,0.0364,0.036,Strong,Partial,Strong,0.5,0.0
7_devops_senior,2185ff5c-e4c9-47ad-a236-f333a14157a9,0.8638,0.8024,0.74,0.0613,0.1238,Strong,Strong,Partial,0.4545,0.1429
7_devops_senior,3172a681-cbf9-4121-af90-7fe350a62caf,0.75,0.705,0.66,0.045,0.09,Strong,Partial,Partial,0.2,0.0
7_devops_senior,80bec801-fe95-4b26-9c93-9189071754b7,0.605,0.605,0.5025,0.0,0.1025,Partial,Partial,Partial,0.2143,0.0
7_devops_senior,4da12442-b7ac-4c81-abb4-71aa7f1c16a2,0.4225,0.4135,0.82,0.009,0.3975,Weak,Weak,Strong,0.75,0.0
7_devops_senior,d9b764c5-1599-4a77-a575-8933485cebd2,0.5783,0.545,0.22,0.0333,0.3583,Partial,Partial,Mismatch,0.1579,0.0909
7_devops_senior,979d43f2-d52d-450d-88be-a955614331ab,0.64,0.63,0.74,0.01,0.1,Partial,Partial,Partial,0.125,0.0
7_devops_senior,b6d8744a-03c5-4ba3-80e2-b09b3988b8c3,0.6615,0.2938,0.74,0.3678,0.0785,Partial,Weak,Partial,0.2105,0.0
7_devops_senior,92cbfd7a-b6e9-4c09-97e9-772e0a011318,0.28,0.5231,0.22,0.2431,0.06,Weak,Partial,Mismatch,0.1034,0.0833
7_devops_senior,f6f58a71-977a-44c4-b648-e67c9c3b10b8,0.575,0.545,0.6,0.03,0.025,Partial,Partial,Partial,0.1304,0.0
7_devops_senior,a2414078-ec50-47f6-b3c6-81295e7d63fa,0.2828,0.5613,0.22,0.2785,0.0628,Weak,Partial,Mismatch,0.7778,0.5385
7_devops_senior,b54b635f-f2b9-49e9-9657-26e936568978,0.336,0.63,0.74,0.294,0.404,Weak,Partial,Partial,0.0,0.0
7_devops_senior,c2b7f8bf-9e50-4206-9456-c34d66a0057d,0.5167,0.5125,0.225,0.0042,0.2917,Partial,Partial,Mismatch,0.5385,0.28
7_devops_senior,5ef4320d-971c-4970-ab94-ea72fa40034b,0.215,0.46,0.22,0.245,0.005,Mismatch,Weak,Mismatch,0.4545,0.5
7_devops_senior,585161dc-1435-4472-9e0f-354d7d03c828,0.5643,0.53,0.6,0.0343,0.0357,Partial,Partial,Partial,0.1515,0.0
13_ml_senior_engineer,d72cbe9a-c794-47fd-aefe-237b03611936,0.8609,0.82,0.905,0.0409,0.0441,Strong,Strong,Strong,0.2222,0.0
13_ml_senior_engineer,9159aa36-e2fc-43d4-a631-cbfdca113944,0.7662,0.7635,0.74,0.0027,0.0262,Strong,Strong,Partial,0.2778,0.0
13_ml_senior_engineer,312f7cc7-fbe1-4506-83ed-e6d6f2ef7294,0.72,0.6903,0.74,0.0297,0.02,Partial,Partial,Partial,0.3333,0.0667
13_ml_senior_engineer,05e3fb53-42e1-4d26-af6b-b3f22c29be61,0.8052,0.6963,0.705,0.1088,0.1002,Strong,Partial,Partial,0.0,0.5
13_ml_senior_engineer,f81356d6-fe08-4fe1-a811-d7499fc35553,0.8024,0.3786,0.74,0.4239,0.0624,Strong,Weak,Partial,0.1538,0.0
13_ml_senior_engineer,48396d9e-bc1c-4cf2-a5fe-9c4ef9dbf7e0,0.6979,0.3273,0.74,0.3706,0.0421,Partial,Weak,Partial,0.1304,0.0
13_ml_senior_engineer,91b11a12-a711-433d-8522-aabfb16b2256,0.7999,0.7151,0.74,0.0847,0.0599,Strong,Partial,Partial,0.0714,0.0
13_ml_senior_engineer,bc543292-a35f-4023-8fa0-c6832cc9b181,0.67,0.6585,0.81,0.0115,0.14,Partial,Partial,Strong,0.2941,0.0
13_ml_senior_engineer,26815abc-ac5e-4925-9f24-96e48277262d,0.695,0.6883,0.8025,0.0067,0.1075,Partial,Partial,Strong,0.25,0.1429
13_ml_senior_engineer,e951763c-d850-4182-9f63-64e19a3354f5,0.69,0.3056,0.705,0.3844,0.015,Partial,Weak,Partial,0.1905,0.0833
13_ml_senior_engineer,166ff5b4-0ca5-40e8-ba41-074f2b5d9aa8,0.73,0.733,0.75,0.003,0.02,Partial,Partial,Strong,0.6667,0.25
13_ml_senior_engineer,d0e8a031-ae3a-4e98-932d-60b98ce33e2e,0.682,0.5723,0.495,0.1098,0.187,Partial,Partial,Weak,0.16,0.0769
13_ml_senior_engineer,d12216fd-6a75-4c34-ad47-b8ad655c2f06,0.7311,0.6795,0.705,0.0515,0.0261,Partial,Partial,Partial,0.0833,0.1667
13_ml_senior_engineer,be17f702-3859-4297-9de3-ed4ebe9e385a,0.6757,0.66,0.705,0.0157,0.0293,Partial,Partial,Partial,0.2857,0.2
13_ml_senior_engineer,c6bedf09-951e-45db-9b95-e60a496810d7,0.5661,0.6,0.705,0.0339,0.1389,Partial,Partial,Partial,0.25,0.0
13_ml_senior_engineer,d3619987-777c-41c9-a7b0-794be197f391,0.56,0.5631,0.59,0.0031,0.03,Partial,Partial,Partial,0.375,0.2308
13_ml_senior_engineer,219bf29a-d44c-498f-a00d-358d5a962a64,0.665,0.64,0.74,0.025,0.075,Partial,Partial,Partial,0.3333,0.0
13_ml_senior_engineer,8a1b7b12-9279-4bb7-8938-972b9a7c43ef,0.6388,0.6058,0.8,0.0329,0.1612,Partial,Partial,Strong,0.3333,0.0
13_ml_senior_engineer,fc5d3bd0-0fde-4d6f-9220-169f0b98ed7d,0.715,0.6854,0.75,0.0296,0.035,Partial,Partial,Strong,0.2857,0.0909
13_ml_senior_engineer,f22cca4c-492a-4d6d-b4de-df08c3730b41,0.7025,0.6273,0.74,0.0752,0.0375,Partial,Partial,Partial,0.2778,0.0
13_ml_senior_engineer,f2a23b3c-91bb-45cc-937b-e9481e9ffc65,0.5429,0.5188,0.225,0.0241,0.3179,Partial,Partial,Mismatch,0.4211,0.3333
13_ml_senior_engineer,446e7574-dd06-4f38-983b-f41d2e21252d,0.575,0.5286,0.705,0.0464,0.13,Partial,Partial,Partial,0.12,0.0667
13_ml_senior_engineer,1c5647c9-a848-4fcd-b742-c9a2508a7d9b,0.5609,0.5476,0.6075,0.0132,0.0466,Partial,Partial,Partial,0.6,0.0769
13_ml_senior_engineer,3f5fed6c-6ab0-4eb3-b440-249da7fba361,0.6704,0.6955,0.74,0.0251,0.0696,Partial,Partial,Partial,0.5714,0.0
13_ml_senior_engineer,886a40a7-50d9-43d1-b38a-244903aae0ee,0.6367,0.6246,0.74,0.0121,0.1033,Partial,Partial,Partial,0.2381,0.0
13_ml_senior_engineer,cb2b150f-b44b-4a0f-b483-89da55db4144,0.6178,0.5721,0.75,0.0457,0.1322,Partial,Partial,Strong,0.1905,0.0
13_ml_senior_engineer,ec898e00-26fa-4cca-89e4-3c3dcb8f47e8,0.545,0.2825,0.22,0.2625,0.325,Partial,Weak,Mismatch,0.2308,0.0
13_ml_senior_engineer,b35b6cf4-aa8a-41c1-a477-e4c732ff30d8,0.5857,0.6613,0.585,0.0755,0.0007,Partial,Partial,Partial,0.1667,0.2
13_ml_senior_engineer,84eaf0ec-b42b-4dcb-b5e7-0516355510f7,0.3,0.5643,0.705,0.2643,0.405,Weak,Partial,Partial,0.1333,0.0
13_ml_senior_engineer,15227172-726d-4cc6-8ab1-966690742f53,0.6057,0.61,0.63,0.0043,0.0243,Partial,Partial,Partial,0.0714,0.1429
22_data_engineer_senior,6aa5df92-1622-4e6b-8d45-cf4c237c5971,0.705,0.6613,0.74,0.0438,0.035,Partial,Partial,Partial,0.2667,0.1429
22_data_engineer_senior,acf2b942-1198-4208-b40e-882c1058918c,0.755,0.7807,0.8025,0.0257,0.0475,Strong,Strong,Strong,0.3333,0.125
22_data_engineer_senior,bfebfebd-a1ed-4d1c-860a-7d39a9c55c61,0.8436,0.8089,0.82,0.0348,0.0236,Strong,Strong,Strong,0.5714,0.0
22_data_engineer_senior,51dcc6a5-6e9e-44ac-9a2d-ff2e5bf9d627,0.764,0.7696,0.905,0.0055,0.141,Strong,Strong,Strong,0.5,0.0
22_data_engineer_senior,96a27c2c-42ca-4591-94b1-ecc829ef0eb9,0.7717,0.7764,0.8025,0.0048,0.0308,Strong,Strong,Strong,0.75,0.0
22_data_engineer_senior,76cb5abd-f975-4f55-94b3-c26544c18e56,0.6512,0.6217,0.605,0.0295,0.0462,Partial,Partial,Partial,0.4286,0.0
22_data_engineer_senior,652bba37-6fd1-4b69-8d78-4aad7264cd37,0.8832,0.7907,0.82,0.0925,0.0632,Strong,Strong,Strong,0.4286,0.0
22_data_engineer_senior,98824122-2992-416c-82e0-8d76f3fd01db,0.3736,0.37,0.75,0.0036,0.3764,Weak,Weak,Strong,0.5,0.0
22_data_engineer_senior,c4d29040-194b-4e77-be4b-41eda7e89d25,0.8393,0.7614,0.5075,0.0779,0.3318,Strong,Strong,Partial,0.3333,0.5
22_data_engineer_senior,9dceef06-bb27-4e8b-bb56-6fe6e9239cb7,0.7198,0.6957,0.22,0.0241,0.4998,Partial,Partial,Mismatch,0.3,0.2
22_data_engineer_senior,05f8724b-1999-4847-875e-6eff702c5eae,0.6725,0.1321,0.425,0.5404,0.2475,Partial,Mismatch,Weak,0.3333,0.25
22_data_engineer_senior,14d44732-38a4-439e-b07c-970665253c75,0.7423,0.6817,0.605,0.0606,0.1373,Partial,Partial,Partial,0.4375,0.0
22_data_engineer_senior,3ffd9d74-f52c-49e2-8009-9d4432f63fbc,0.8,0.905,0.63,0.105,0.17,Strong,Strong,Partial,0.0,0.0
22_data_engineer_senior,2e66909d-1064-43d6-8d97-43dd9af72df1,0.8214,0.7989,0.405,0.0225,0.4164,Strong,Strong,Weak,0.0,0.0
22_data_engineer_senior,8298811a-423e-456d-bb00-f04f497adbf3,0.7158,0.7475,0.74,0.0317,0.0242,Partial,Partial,Partial,0.1667,0.1111
22_data_engineer_senior,7c4af3e5-3f44-492d-bc16-54a5ef6b7259,0.7025,0.9025,0.605,0.2,0.0975,Partial,Strong,Partial,0.0,0.0
22_data_engineer_senior,6358ab7b-9f86-43a8-804e-056476eb93e6,0.637,0.6325,0.39,0.0045,0.247,Partial,Partial,Weak,0.1875,0.1875
22_data_engineer_senior,d225680a-f1e9-47ce-80b9-29828cb15b01,0.8075,0.7275,0.22,0.08,0.5875,Strong,Partial,Mismatch,0.0,0.0
22_data_engineer_senior,6b1a26b5-9f36-4557-a420-9fc5a4ce2548,0.7275,0.6797,0.495,0.0478,0.2325,Partial,Partial,Weak,0.2174,0.0476
22_data_engineer_senior,745f0820-5b22-462d-b636-c496405427f6,0.7629,0.6606,0.705,0.1023,0.0579,Strong,Partial,Partial,0.1786,0.1538
22_data_engineer_senior,35d9093e-447c-4a6e-bedf-8b1f7b76413c,0.6725,0.605,0.225,0.0675,0.4475,Partial,Partial,Mismatch,0.2308,0.0833
22_data_engineer_senior,92f69ae8-a1b8-4ff8-94a3-0a4acab44d98,0.5,0.5,0.495,0.0,0.005,Weak,Weak,Weak,0.3571,0.0
22_data_engineer_senior,e09c21f3-6c72-4ebe-97d2-fe53bc014778,0.3113,0.1242,0.74,0.1872,0.4287,Weak,Mismatch,Partial,0.4,0.0
22_data_engineer_senior,a31718c1-d53c-4047-8dcd-27242b325074,0.3625,0.6562,0.69,0.2937,0.3275,Weak,Partial,Partial,0.1818,0.1667
22_data_engineer_senior,795db424-ce9f-46a2-bdcf-9a337742115d,0.3362,0.3212,0.3,0.015,0.0363,Weak,Weak,Weak,0.2667,0.0
22_data_engineer_senior,838072a8-8cb0-4e2e-9f6a-5a8a6bbb7dce,0.6175,0.6325,0.225,0.015,0.3925,Partial,Partial,Mismatch,0.0,0.0
22_data_engineer_senior,8a1b7b12-9279-4bb7-8938-972b9a7c43ef,0.6013,0.5725,0.63,0.0288,0.0287,Partial,Partial,Partial,0.4,0.1429
22_data_engineer_senior,6d596e90-e06f-4f84-94a1-68dd13c55dda,0.75,0.7045,0.74,0.0455,0.01,Strong,Partial,Partial,0.3,0.0
22_data_engineer_senior,7444a9aa-83b5-481d-b693-fb1cb1f1a9e6,0.3925,0.3796,0.705,0.0129,0.3125,Weak,Weak,Partial,0.5,0.0
22_data_engineer_senior,5a6892b1-cd8d-4626-b1de-ebe69b71ea20,0.655,0.675,0.705,0.02,0.05,Partial,Partial,Partial,0.1111,0.0
2_mid_data_analyst,25630527-064b-4211-9697-730a04a25a26,0.8,0.8214,0.74,0.0214,0.06,Strong,Strong,Partial,0.4,0.0
2_mid_data_analyst,76518482-59d2-4e96-bedc-cde1817b241c,0.7317,0.6275,0.63,0.1042,0.1017,Partial,Partial,Partial,0.0952,0.25
2_mid_data_analyst,89950026-e1d4-45c0-886c-f7700a96ba40,0.815,0.1413,0.6,0.6737,0.215,Strong,Mismatch,Partial,0.4,0.4
2_mid_data_analyst,c3d15a9b-99df-4782-88e4-284757b99b3a,0.875,0.8193,0.805,0.0557,0.07,Strong,Strong,Strong,0.3333,0.0
2_mid_data_analyst,58da89d8-5d4c-41cf-b443-d347b3744620,0.3475,0.6323,0.63,0.2848,0.2825,Weak,Partial,Partial,0.0,0.0
2_mid_data_analyst,8656a4d9-56ea-4739-99b8-d52175e95a8f,0.7957,0.6756,0.705,0.1201,0.0907,Strong,Partial,Partial,0.2143,0.0
2_mid_data_analyst,ddabf002-f81b-4aaf-9499-88c1743fb91f,0.7964,0.7187,0.7,0.0777,0.0964,Strong,Partial,Partial,0.0769,0.0
2_mid_data_analyst,586789fc-ae73-463c-8668-5a256daed9e6,0.7336,0.665,0.7025,0.0686,0.0311,Partial,Partial,Partial,0.0526,0.0
2_mid_data_analyst,087647f1-ed33-4065-b137-51ccbf640bdb,0.1653,0.925,0.495,0.7597,0.3297,Mismatch,Strong,Weak,0.0,0.0
2_mid_data_analyst,3bd35b6f-3631-4819-9227-8e8fe124717d,0.7833,0.705,0.6075,0.0783,0.1758,Strong,Partial,Partial,0.1818,0.1111
2_mid_data_analyst,caf7ce6b-f789-461e-ba10-ae0c5eb8ce35,0.7833,0.705,0.705,0.0783,0.0783,Strong,Partial,Partial,0.1818,0.1111
2_mid_data_analyst,e94352ac-8743-4218-a2a6-2a6e7c34f3bc,0.6925,0.63,0.7025,0.0625,0.01,Partial,Partial,Partial,0.0,0.0
2_mid_data_analyst,306f9ac1-1597-4b57-8eda-fc4b17b43590,0.68,0.7,0.75,0.02,0.07,Partial,Partial,Strong,0.2,0.0
2_mid_data_analyst,76d248b1-a0fe-4538-a71a-f5e1db7cc9a4,0.89,0.6907,0.6,0.1993,0.29,Strong,Partial,Partial,0.0,0.0
2_mid_data_analyst,c6f91d1b-d2f6-49eb-8e69-0405a2fbe1cd,0.7675,0.7269,0.7025,0.0406,0.065,Strong,Partial,Partial,0.2857,0.4
2_mid_data_analyst,c45b7900-4e2d-4639-afd7-e9dfb4aacf36,0.77,0.845,0.64,0.075,0.13,Strong,Strong,Partial,0.0,0.0
2_mid_data_analyst,a176fc44-9d82-42e6-b567-cb7ff96ac67f,0.815,0.673,0.66,0.142,0.155,Strong,Partial,Partial,0.1818,0.0
2_mid_data_analyst,738933d5-c8bb-4d76-9050-aed91775329d,0.6307,0.665,0.68,0.0343,0.0493,Partial,Partial,Partial,0.375,0.1667
2_mid_data_analyst,cd68e1e0-c8b1-4237-8dea-facd3c803c68,0.6092,0.5778,0.405,0.0314,0.2042,Partial,Partial,Weak,0.2941,0.3
2_mid_data_analyst,a078f3fa-04f1-415d-9d47-02081edbc699,0.505,0.545,0.495,0.04,0.01,Partial,Partial,Weak,0.3,0.2857
15_qa_senior_automation,7f73376b-78a3-457d-9406-17f0e5a9b1f5,0.7025,0.6291,0.36,0.0734,0.3425,Partial,Partial,Weak,0.4211,0.1429
15_qa_senior_automation,262c3cda-d6cb-4bbf-9ba1-810a35e726e7,0.7175,0.6595,0.495,0.058,0.2225,Partial,Partial,Weak,0.1667,0.125
15_qa_senior_automation,439233d3-5bb2-40c3-9a1f-03417f9f7ed1,0.6275,0.9475,0.25,0.32,0.3775,Partial,Strong,Weak,0.0,0.0
15_qa_senior_automation,f4c04d99-177e-4cfc-8bb6-abb305bf378b,0.667,0.6632,0.75,0.0039,0.083,Partial,Partial,Strong,0.2,0.0
15_qa_senior_automation,cdee4086-679a-4e14-8a83-a0b4a9c7448a,0.4338,0.8615,0.705,0.4278,0.2712,Weak,Strong,Partial,0.6667,0.0
15_qa_senior_automation,ee8f6c3c-7ebb-4f40-a5ec-496251200090,0.623,0.63,0.705,0.007,0.082,Partial,Partial,Partial,0.2,0.0
15_qa_senior_automation,311617f7-3161-4a8b-bcb4-485b5b3490fe,0.6025,0.6025,0.22,0.0,0.3825,Partial,Partial,Mismatch,0.0,0.0
15_qa_senior_automation,3719c00a-f57e-4827-abd2-c9030c06d52f,0.7546,0.7635,0.805,0.0088,0.0504,Strong,Strong,Strong,0.4545,0.0
15_qa_senior_automation,6a47a8ba-138d-4d6b-ad39-8f7b913f95bb,0.7025,0.6575,0.6075,0.045,0.095,Partial,Partial,Partial,0.2857,0.125
15_qa_senior_automation,3bdcc95c-ca1a-4ba4-8982-a4be3f16592f,0.645,0.6107,0.495,0.0343,0.15,Partial,Partial,Weak,0.2857,0.0
15_qa_senior_automation,2e8c75fa-73b9-4ab5-89c0-03dcea153488,0.317,0.6225,0.22,0.3055,0.097,Weak,Partial,Mismatch,0.3846,0.2727
15_qa_senior_automation,cee3fdd2-5262-4b4e-a461-68892b894b47,0.655,0.7005,0.43,0.0455,0.225,Partial,Partial,Weak,0.125,0.0
15_qa_senior_automation,05a4bfae-8d25-4a58-97af-73064742578a,0.6875,0.685,0.39,0.0025,0.2975,Partial,Partial,Weak,0.4444,0.0667
15_qa_senior_automation,af405332-ae34-46e9-8ec8-89ed0ff6484e,0.8283,0.7417,0.74,0.0866,0.0883,Strong,Partial,Partial,0.1538,0.1667
15_qa_senior_automation,27165f02-0dfc-4503-af0e-d6755cf5a49e,0.3454,0.6907,0.74,0.3454,0.3946,Weak,Partial,Partial,0.1111,0.0
15_qa_senior_automation,358605d1-053d-4231-9e42-df64f32771d1,0.7175,0.141,0.63,0.5765,0.0875,Partial,Mismatch,Partial,0.1818,0.0
15_qa_senior_automation,e66e80c0-3f42-4767-8ff8-4a8f2c9710fc,0.6692,0.7116,0.63,0.0424,0.0392,Partial,Partial,Partial,0.0769,0.0
15_qa_senior_automation,13b32c13-4659-4c2f-8634-2ebdcb86b8f3,0.665,0.5945,0.495,0.0705,0.17,Partial,Partial,Weak,0.0625,0.0
15_qa_senior_automation,b8742e2e-2199-4909-adcf-ecb95460c650,0.3025,0.121,0.2,0.1815,0.1025,Weak,Mismatch,Mismatch,0.0,0.0
15_qa_senior_automation,30a8adf3-869f-4761-8dbb-3b438b333135,0.7675,0.8225,0.74,0.055,0.0275,Strong,Strong,Partial,0.6667,0.3333
15_qa_senior_automation,705ffb5a-db10-4785-bd7f-a90db4721c6d,0.695,0.5414,0.74,0.1536,0.045,Partial,Partial,Partial,0.1852,0.125
15_qa_senior_automation,2a605218-858a-4179-8219-c4a4032e6765,0.25,0.6025,0.225,0.3525,0.025,Mismatch,Partial,Mismatch,0.0,0.0
15_qa_senior_automation,4253e611-c662-48d4-9957-43e034573ef8,0.2725,0.2575,0.2025,0.015,0.07,Weak,Weak,Mismatch,0.0667,0.0
15_qa_senior_automation,6f0c7789-99d6-420f-b1c4-1e9a9951bbd4,0.3413,0.6311,0.24,0.2898,0.1013,Weak,Partial,Mismatch,0.0455,0.0
15_qa_senior_automation,529e6866-dde8-4fbd-86f8-72095cbdfe4e,0.5975,0.5585,0.39,0.039,0.2075,Partial,Partial,Weak,0.12,0.1429
15_qa_senior_automation,80a397d2-ccfb-4b84-acf7-8926a6640d50,0.5825,0.5225,0.405,0.06,0.1775,Partial,Partial,Weak,0.1667,0.0
15_qa_senior_automation,30423512-dc91-4ba2-a448-c65a6754f372,0.545,0.5225,0.22,0.0225,0.325,Partial,Partial,Mismatch,0.2308,0.0
15_qa_senior_automation,ab1ee914-639b-47a5-9e8c-8bb0c747fc7d,0.62,0.545,0.705,0.075,0.085,Partial,Partial,Partial,0.1667,0.0
15_qa_senior_automation,30100c1f-f7eb-4d38-90f6-1eb69f9013d0,0.5825,0.5,0.63,0.0825,0.0475,Partial,Weak,Partial,0.3077,0.0
15_qa_senior_automation,b1e435b2-21fe-4628-b239-0a945b66811e,0.6575,0.6275,0.3075,0.03,0.35,Partial,Partial,Weak,0.4167,0.5714
21_engineering_manager_senior,b9cc14c7-8fe1-44b2-aca0-c138c925cd36,0.314,0.6712,0.6075,0.3571,0.2935,Weak,Partial,Partial,0.5333,0.0769
21_engineering_manager_senior,e4b7da99-705a-49d0-9a7b-74d48a95ae5a,0.6825,0.7116,0.75,0.0291,0.0675,Partial,Partial,Strong,0.0833,0.0
21_engineering_manager_senior,47b39188-8c46-4f3b-9d2c-fd0e4b1816ea,0.605,0.97,0.85,0.365,0.245,Partial,Strong,Strong,0.0,0.0
21_engineering_manager_senior,ed4a04fd-f464-46c2-9ff2-ac23e8126e84,0.665,0.6717,0.54,0.0067,0.125,Partial,Partial,Partial,0.3636,0.2222
21_engineering_manager_senior,d1f0616f-098b-4be2-9939-749f69c3dbd0,0.3025,0.611,0.705,0.3085,0.4025,Weak,Partial,Partial,0.0385,0.0
21_engineering_manager_senior,cab34c74-4f37-4f51-94a2-7ae9bd65b1cc,0.6383,0.6341,0.705,0.0042,0.0667,Partial,Partial,Partial,0.1389,0.04
21_engineering_manager_senior,a15d8779-efec-447e-b7ef-31912946efd2,0.5803,0.6323,0.605,0.052,0.0247,Partial,Partial,Partial,0.5909,0.4706
21_engineering_manager_senior,51048422-c940-428f-b81d-3cb63f7ed76a,0.3025,0.605,0.705,0.3025,0.4025,Weak,Partial,Partial,0.1176,0.0
21_engineering_manager_senior,de38ef30-2db2-462d-b935-b2a8d5f52b62,0.3138,0.9275,0.225,0.6138,0.0888,Weak,Strong,Mismatch,0.0,0.5
21_engineering_manager_senior,28db1992-92f0-4e90-8831-1fb7aeaeff58,0.685,0.7032,0.63,0.0182,0.055,Partial,Partial,Partial,0.25,0.2
21_engineering_manager_senior,1344979e-e546-4171-bd5d-478667554eba,0.3025,0.925,0.605,0.6225,0.3025,Weak,Strong,Partial,0.0,0.0
21_engineering_manager_senior,470bd7f3-e358-42dd-84d4-4f11a1e04dcd,0.5825,0.845,0.3075,0.2625,0.275,Partial,Strong,Weak,0.0,0.0
